id,first_name,last_name,email,country,ip_address
1,Paul,Roberts,proberts0@theatlantic.com,Philippines,186.133.254.75
2,Arthur,Phillips,aphillips1@arstechnica.com,Mexico,138.135.249.212
3,Anthony,Perry,aperry2@mtv.com,Brazil,230.192.117.175
4,Gregory,Jackson,gjackson3@bigcartel.com,Belarus,2.123.235.45
5,Louis,George,lgeorge4@trellian.com,France,239.21.231.244
6,Anthony,Jackson,ajackson5@nature.com,China,116.226.72.71
7,Larry,Lawrence,llawrence6@issuu.com,Indonesia,159.213.210.84
8,Steve,James,sjames7@angelfire.com,Cuba,213.88.7.226
9,Thomas,Bennett,tbennett8@naver.com,Nigeria,132.142.119.91
10,Carol,Ramirez,cramirez9@yandex.ru,Saudi Arabia,63.217.195.223
